epoch,time,train/box_loss,train/cls_loss,train/dfl_loss,metrics/precision(B),metrics/recall(B),metrics/mAP50(B),metrics/mAP50-95(B),val/box_loss,val/cls_loss,val/dfl_loss,lr/pg0,lr/pg1,lr/pg2
1,84.1419,0.61637,0.89383,0.95608,0.91067,0.9758,0.94188,0.77563,0.61703,0.66521,0.99117,0.00033156,0.00033156,0.0671755
2,130.552,0.6366,0.56912,1.0093,0.9521,0.99806,0.99385,0.85708,0.53939,0.52952,0.989,0.000651729,0.000651729,0.0341624
3,179.694,0.61913,0.54692,0.99751,0.99122,1,0.99449,0.867,0.55843,0.50878,1.01098,0.000958697,0.000958697,0.001136
4,228.668,0.56055,0.48453,0.97037,0.99684,0.99237,0.99487,0.87605,0.49473,0.44858,0.95186,0.0009406,0.0009406,0.0009406
5,277.049,0.53831,0.44253,0.95444,0.88094,0.90806,0.93415,0.82534,0.4711,0.56048,0.95398,0.0009208,0.0009208,0.0009208
6,323.617,0.516,0.42965,0.94253,0.99686,0.99808,0.99498,0.89879,0.44656,0.44126,0.92486,0.000901,0.000901,0.000901
7,372.277,0.50634,0.41454,0.93508,0.99629,0.99889,0.995,0.91358,0.41375,0.34057,0.91321,0.0008812,0.0008812,0.0008812
8,420.969,0.487,0.39624,0.92943,0.9958,1,0.995,0.91494,0.39767,0.33091,0.90973,0.0008614,0.0008614,0.0008614
9,468.997,0.4611,0.37454,0.91843,0.98879,1,0.995,0.89068,0.43343,0.34583,0.90415,0.0008416,0.0008416,0.0008416
10,515.875,0.46108,0.37213,0.91344,0.99461,1,0.995,0.91991,0.35964,0.32356,0.88324,0.0008218,0.0008218,0.0008218
11,564.8,0.43643,0.35107,0.89712,0.99446,1,0.995,0.9281,0.35339,0.30168,0.88173,0.000802,0.000802,0.000802
12,612.87,0.42733,0.34092,0.89599,0.99692,1,0.995,0.91949,0.39354,0.30776,0.88908,0.0007822,0.0007822,0.0007822
13,659.677,0.41004,0.32528,0.88245,0.99737,1,0.995,0.93889,0.33918,0.27906,0.86994,0.0007624,0.0007624,0.0007624
14,707.79,0.38392,0.31191,0.86721,0.99615,1,0.995,0.93908,0.33928,0.29193,0.86678,0.0007426,0.0007426,0.0007426
15,756.619,0.39292,0.31314,0.88049,0.995,1,0.995,0.95399,0.28597,0.2528,0.85482,0.0007228,0.0007228,0.0007228
16,804.653,0.38479,0.31051,0.88397,0.99755,1,0.995,0.94355,0.31481,0.25834,0.87407,0.000703,0.000703,0.000703
17,851.268,0.37491,0.30119,0.88081,0.9972,1,0.995,0.9501,0.2913,0.24025,0.85099,0.0006832,0.0006832,0.0006832
18,898.006,0.37312,0.29296,0.87319,0.99778,1,0.995,0.94269,0.32578,0.25754,0.87248,0.0006634,0.0006634,0.0006634
19,945.543,0.36374,0.28963,0.87141,0.99771,1,0.995,0.95879,0.29688,0.245,0.86124,0.0006436,0.0006436,0.0006436
20,993.65,0.3649,0.28076,0.86971,0.99757,1,0.995,0.95576,0.28501,0.22215,0.85096,0.0006238,0.0006238,0.0006238
21,1040.77,0.34771,0.27411,0.86587,0.99799,1,0.995,0.95599,0.29328,0.23585,0.8507,0.000604,0.000604,0.000604
22,1087.42,0.34181,0.27412,0.86211,0.99677,1,0.995,0.95626,0.28314,0.22723,0.8454,0.0005842,0.0005842,0.0005842
23,1134.59,0.35044,0.27251,0.86536,0.99747,1,0.995,0.96088,0.27242,0.22652,0.84587,0.0005644,0.0005644,0.0005644
24,1183.52,0.33898,0.26144,0.86148,0.99797,1,0.995,0.96155,0.27443,0.23092,0.84991,0.0005446,0.0005446,0.0005446
25,1232.71,0.33192,0.25656,0.8597,0.99397,1,0.995,0.95389,0.29053,0.22866,0.85147,0.0005248,0.0005248,0.0005248
26,1279.34,0.32552,0.25345,0.8557,0.99783,1,0.995,0.95827,0.25509,0.21738,0.84186,0.000505,0.000505,0.000505
27,1326.36,0.31615,0.25014,0.85172,0.99812,1,0.995,0.96265,0.25729,0.20724,0.83885,0.0004852,0.0004852,0.0004852
28,1375.31,0.32173,0.24777,0.85395,0.9983,1,0.995,0.95803,0.25625,0.20299,0.84014,0.0004654,0.0004654,0.0004654
29,1422.1,0.30585,0.2381,0.84883,0.99783,1,0.995,0.96061,0.2642,0.21434,0.83917,0.0004456,0.0004456,0.0004456
30,1468.78,0.30374,0.23647,0.84533,0.99778,1,0.995,0.96148,0.25913,0.2134,0.83946,0.0004258,0.0004258,0.0004258
31,1515.63,0.30353,0.24014,0.84922,0.99791,1,0.995,0.95903,0.25066,0.19234,0.83689,0.000406,0.000406,0.000406
32,1562.96,0.28693,0.23062,0.8333,0.99784,1,0.995,0.95927,0.24667,0.19208,0.82944,0.0003862,0.0003862,0.0003862
33,1610.46,0.29069,0.23231,0.84422,0.99667,0.99953,0.995,0.96215,0.25395,0.21488,0.83785,0.0003664,0.0003664,0.0003664
34,1657.41,0.2853,0.23172,0.84249,0.99753,1,0.995,0.96664,0.23679,0.18152,0.83037,0.0003466,0.0003466,0.0003466
35,1705.62,0.27449,0.21518,0.83673,0.99825,1,0.995,0.96177,0.24197,0.18955,0.82839,0.0003268,0.0003268,0.0003268
36,1751.94,0.27816,0.21253,0.83244,0.9982,1,0.995,0.96253,0.23401,0.18647,0.82967,0.000307,0.000307,0.000307
37,1799.24,0.2749,0.21269,0.8339,0.99864,1,0.995,0.96836,0.23318,0.18616,0.8345,0.0002872,0.0002872,0.0002872
38,1848.22,0.26624,0.20951,0.83593,0.99803,1,0.995,0.96643,0.2246,0.16657,0.82381,0.0002674,0.0002674,0.0002674
39,1895.31,0.26129,0.19943,0.82997,0.99821,1,0.995,0.96978,0.21704,0.16896,0.82274,0.0002476,0.0002476,0.0002476
40,1942.96,0.26835,0.20229,0.83361,0.99944,1,0.995,0.96852,0.2254,0.16674,0.82187,0.0002278,0.0002278,0.0002278
41,1991.71,0.2245,0.1745,0.80189,0.99874,1,0.995,0.96869,0.2165,0.17103,0.82904,0.000208,0.000208,0.000208
42,2037.69,0.22065,0.17396,0.80339,0.99897,1,0.995,0.96895,0.2072,0.15962,0.82377,0.0001882,0.0001882,0.0001882
43,2084.07,0.21613,0.17115,0.79595,0.99876,1,0.995,0.96568,0.21727,0.1753,0.82566,0.0001684,0.0001684,0.0001684
44,2129.92,0.21539,0.16855,0.79541,0.99841,1,0.995,0.96861,0.20501,0.16547,0.82402,0.0001486,0.0001486,0.0001486
45,2175.85,0.2089,0.16351,0.79743,0.99785,1,0.995,0.97131,0.20151,0.15986,0.82167,0.0001288,0.0001288,0.0001288
46,2223.89,0.20001,0.15678,0.79285,0.99868,1,0.995,0.96786,0.2072,0.15898,0.82369,0.000109,0.000109,0.000109
47,2271.2,0.19592,0.15419,0.79412,0.99864,1,0.995,0.97274,0.19417,0.15482,0.81908,8.92e-05,8.92e-05,8.92e-05
48,2321.04,0.19445,0.14982,0.79438,0.99875,1,0.995,0.97225,0.18867,0.15147,0.81857,6.94e-05,6.94e-05,6.94e-05
49,2367.95,0.18981,0.14861,0.79125,0.99885,1,0.995,0.9719,0.18692,0.14893,0.81861,4.96e-05,4.96e-05,4.96e-05
50,2415.89,0.18263,0.14236,0.7894,0.99928,1,0.995,0.97086,0.1853,0.14599,0.81661,2.98e-05,2.98e-05,2.98e-05

